allele	layer	assay_id	region_label	assay_type	cell_type	ref_value	alt_value	raw_score	quantile_score	ref_signal_percentile	note
alt_1	chromatin_accessibility	DNASE/EFO:0001187 DNase-seq/.		DNASE	HepG2	112.03500366210938	110.37837219238281	-0.02130048988966517	1.0	0.9026	
alt_1	tf_binding	CHIP_TF/EFO:0001187 TF ChIP-seq CEBPA genetically modified (insertion) using CRISPR targeting H. sapiens CEBPA/.		CHIP	HepG2	999.0	984.0	-0.02180437031834845	1.0	0.9264	
alt_1	tf_binding	CHIP_TF/EFO:0001187 TF ChIP-seq CEBPB/.		CHIP	HepG2	489.0	488.5	-0.0014728893988755693	0.214248297537978	0.8243	
alt_1	histone_marks	CHIP_HISTONE/EFO:0001187 Histone ChIP-seq H3K27ac/.		CHIP	HepG2	9195.0	8949.5	-0.03903818844212373	1.0	0.9932	
alt_1	tss_activity	CAGE/hCAGE EFO:0001187/+	variant site	CAGE	HepG2	3.9871559143066406	3.892932891845703	-0.02751781105101894	1.0	1.0	
alt_1	tss_activity	CAGE/hCAGE EFO:0001187/+	FTO TSS	CAGE	HepG2	4726.4443359375	4723.5576171875	-0.0008812217718964963		1.0	
alt_1	tss_activity	CAGE/hCAGE EFO:0001187/+	RPGRIP1L TSS	CAGE	HepG2	4632.9013671875	4630.53369140625	-0.0007373283954378857		1.0	
alt_1	tss_activity	CAGE/hCAGE EFO:0001187/+	AKTIP TSS	CAGE	HepG2	2.2148475646972656	2.213834762573242	-0.00045457670466035485		1.0	
alt_1	tss_activity	CAGE/hCAGE EFO:0001187/+	RBL2 TSS	CAGE	HepG2	2754.365234375	2751.69140625	-0.001400682357071496	1.0	1.0	
alt_1	tss_activity	CAGE/hCAGE EFO:0001187/+	IRX3 TSS	CAGE	HepG2	78.67825317382812	78.59732055664062	-0.001466151937512146	1.0	1.0	
alt_1	tss_activity	CAGE/hCAGE EFO:0001187/-	variant site	CAGE	HepG2	0.8433005809783936	0.820730447769165	-0.01777399309964228	1.0	1.0	
alt_1	tss_activity	CAGE/hCAGE EFO:0001187/-	FTO TSS	CAGE	HepG2	1353.8865966796875	1354.4029541015625	0.0005497171331111022		1.0	
alt_1	tss_activity	CAGE/hCAGE EFO:0001187/-	RPGRIP1L TSS	CAGE	HepG2	1356.09423828125	1356.610595703125	0.000548823055474377		1.0	
alt_1	tss_activity	CAGE/hCAGE EFO:0001187/-	AKTIP TSS	CAGE	HepG2	1211.4935302734375	1216.0736083984375	0.005439375368559904	1.0	1.0	
alt_1	tss_activity	CAGE/hCAGE EFO:0001187/-	RBL2 TSS	CAGE	HepG2	6.308986663818359	6.309597015380859	0.00012047010739913568		1.0	
alt_1	tss_activity	CAGE/hCAGE EFO:0001187/-	IRX3 TSS	CAGE	HepG2	1273.663330078125	1267.751953125	-0.006706202976527776	1.0	1.0	
