allele	layer	assay_id	region_label	assay_type	cell_type	ref_value	alt_value	raw_score	quantile_score	ref_signal_percentile	note
alt_1	chromatin_accessibility	DNASE/EFO:0002067 DNase-seq/.		DNASE	K562	9.563114166259766	8.784168243408203	-0.11051410876780951	1.0	0.514	
alt_1	tf_binding	CHIP_TF/EFO:0002067 TF ChIP-seq GATA1/.		CHIP	K562	447.0	434.5	-0.04082601345873949	1.0	0.8822	
alt_1	tf_binding	CHIP_TF/EFO:0002067 TF ChIP-seq TAL1/.		CHIP	K562	477.5	440.0	-0.11774026892850492	1.0	0.9602	
alt_1	histone_marks	CHIP_HISTONE/EFO:0002067 Histone ChIP-seq H3K27ac/.		CHIP	K562	1260.5	1261.75	0.0014288354549023172	0.6097433211105291	0.9096	
alt_1	tss_activity	CAGE/hCAGE EFO:0002067/+	variant site	CAGE	K562	0.13253527879714966	0.1267685890197754	-0.0073647400242601024	1.0	0.5969701751617484	
alt_1	tss_activity	CAGE/hCAGE EFO:0002067/+	BCL11A TSS	CAGE	K562	2.1506364345550537	2.162614583969116	0.005474465515032698	1.0	1.0	
alt_1	tss_activity	CAGE/hCAGE EFO:0002067/+	PAPOLG TSS	CAGE	K562	2581.3134765625	2584.29736328125	0.0016660848440659538	1.0	1.0	
alt_1	tss_activity	CAGE/hCAGE EFO:0002067/+	REL TSS	CAGE	K562	1873.1319580078125	1873.1640625	2.471362529359629e-05	0.047668936616029334	1.0	
alt_1	tss_activity	CAGE/hCAGE EFO:0002067/-	variant site	CAGE	K562	1.848332405090332	1.7032842636108398	-0.07540429470517271	1.0	1.0	
alt_1	tss_activity	CAGE/hCAGE EFO:0002067/-	BCL11A TSS	CAGE	K562	421.46142578125	424.9550476074219	0.011881568851607922	1.0	1.0	
alt_1	tss_activity	CAGE/hCAGE EFO:0002067/-	PAPOLG TSS	CAGE	K562	18.989395141601562	18.911727905273438	-0.005616397216284306	1.0	1.0	
alt_1	tss_activity	CAGE/hCAGE EFO:0002067/-	REL TSS	CAGE	K562	68.83088684082031	68.8378677368164	0.00014421699503768594	0.2818229439497119	1.0	
