allele	layer	assay_id	region_label	assay_type	cell_type	ref_value	alt_value	raw_score	quantile_score	ref_signal_percentile	note
alt_1	chromatin_accessibility	DNASE/EFO:0002067 DNase-seq/.		DNASE	K562	10.142204284667969	8.998367309570312	-0.15627023884248972	1.0	0.5363	
alt_1	tf_binding	CHIP_TF/EFO:0002067 TF ChIP-seq GATA1/.		CHIP	K562	472.5	441.0	-0.09931805607695343	1.0	0.8897	
alt_1	tf_binding	CHIP_TF/EFO:0002067 TF ChIP-seq TAL1/.		CHIP	K562	496.5	455.0	-0.1256627012662695	1.0	0.9658	
alt_1	histone_marks	CHIP_HISTONE/EFO:0002067 Histone ChIP-seq H3K27ac/.		CHIP	K562	1288.75	1262.25	-0.029951266534721084	1.0	0.9104	
alt_1	tss_activity	CAGE/hCAGE EFO:0002067/+	variant site	CAGE	K562	0.1419805884361267	0.12954264879226685	-0.01579938332734049	1.0	0.627899637052233	
alt_1	tss_activity	CAGE/hCAGE EFO:0002067/+	BCL11A TSS	CAGE	K562	2.301746368408203	2.2690107822418213	-0.01437516483452172	1.0	1.0	
alt_1	tss_activity	CAGE/hCAGE EFO:0002067/+	PAPOLG TSS	CAGE	K562	2453.47998046875	2452.2333984375	-0.0007329025207352441		1.0	
alt_1	tss_activity	CAGE/hCAGE EFO:0002067/+	REL TSS	CAGE	K562	1737.1239013671875	1739.817138671875	0.0022337377005867457	1.0	1.0	
alt_1	tss_activity	CAGE/hCAGE EFO:0002067/-	variant site	CAGE	K562	1.9288053512573242	1.7371196746826172	-0.0976537998980169	1.0	1.0	
alt_1	tss_activity	CAGE/hCAGE EFO:0002067/-	BCL11A TSS	CAGE	K562	419.47796630859375	413.72747802734375	-0.01986656595557067	1.0	1.0	
alt_1	tss_activity	CAGE/hCAGE EFO:0002067/-	PAPOLG TSS	CAGE	K562	18.322874069213867	18.355731964111328	0.002451170726529766	1.0	1.0	
alt_1	tss_activity	CAGE/hCAGE EFO:0002067/-	REL TSS	CAGE	K562	63.623260498046875	63.99658203125	0.008310311188918916	1.0	1.0	
