variant_id	chrom	position	ref	alt	gene_name	max_effect	max_quantile	DNASE:HepG2_raw	DNASE:HepG2_pctile	DNASE:HepG2_activity	CHIP:CEBPA:HepG2_raw	CHIP:CEBPA:HepG2_pctile	CHIP:CEBPA:HepG2_activity	CHIP:CEBPB:HepG2_raw	CHIP:CEBPB:HepG2_pctile	CHIP:CEBPB:HepG2_activity	CHIP:H3K27ac:HepG2_raw	CHIP:H3K27ac:HepG2_pctile	CHIP:H3K27ac:HepG2_activity	CAGE:HepG2 (+)_raw	CAGE:HepG2 (+)_pctile	CAGE:HepG2 (+)_activity	CAGE:HepG2 (-)_raw	CAGE:HepG2 (-)_pctile	CAGE:HepG2 (-)_activity
rs12740374	chr1	109274968	G	T	SORT1	0.44763483840329776	1.0	0.44763483840329776	1.0	0.962	0.3762385382422172	1.0	0.9884	0.2685559354200835	1.0	0.9713	0.17998971913566533	1.0	0.9991	0.0013921275662507485	1.0	1.0	-0.0029376080755438507	1.0	1.0
rs4970836	chr1	109279175	G	A	SORT1	-0.40113968490057833	1.0	-0.04060709152480465	1.0	0.1663	-0.03153065022295628	1.0	0.3573	-0.02693348367362412	1.0	0.3423	-0.014412875899823778	1.0	0.9491	-0.003710282472772831	1.0	1.0	0.001418072160487254	1.0	1.0
rs660240	chr1	109275216	T	C	SORT1	0.07248450499751789	1.0	0.06753673508627935	1.0	0.9514	0.025713184283998384	1.0	0.9543	0.018639730099842666	1.0	0.9265	0.02710926307170902	1.0	0.9997	-0.011121143840864722	1.0	1.0	0.0011790928992565042	1.0	1.0
rs1626484	chr1	109275684	G	T	SORT1	0.06549688113683441	1.0	0.00473778972228971	1.0	0.8797	0.003990860196034335	1.0	0.8514	0.004212251286914585	0.7820848611838659	0.8372	-0.0008625334930795077	0.43792561550550024	0.9991	-0.0011839674053098603	1.0	1.0	0.0026197872309409826	1.0	1.0
rs7528419	chr1	109274570	A	G	SORT1	0.018620736572335924	1.0	0.012275760777725457	1.0	0.9052	0.003002488161523562	0.7941330539549503	0.9217	0.0064840335701987035	1.0	0.9278	0.018620736572335924	1.0	0.9993	0.0057258872626104115	1.0	1.0	-0.0013517061023490616	1.0	1.0
