variant_id	chrom	position	ref	alt	gene_name	max_effect	max_quantile	DNASE:HepG2_raw	DNASE:HepG2_pctile	DNASE:HepG2_activity	CHIP:CEBPA:HepG2_raw	CHIP:CEBPA:HepG2_pctile	CHIP:CEBPA:HepG2_activity	CHIP:CEBPB:HepG2_raw	CHIP:CEBPB:HepG2_pctile	CHIP:CEBPB:HepG2_activity	CHIP:H3K27ac:HepG2_raw	CHIP:H3K27ac:HepG2_pctile	CHIP:H3K27ac:HepG2_activity	CAGE:HepG2_raw	CAGE:HepG2_pctile	CAGE:HepG2_activity
rs12740374	chr1	109274968	G	T	SORT1	0.4487514310767128	1.0	0.4487514310767128	1.0	0.962	0.3751800678786052	1.0	0.9884	0.2616507152041626	1.0	0.9713	0.18053511350167817	1.0	0.9991	-0.006138134669782128	1.0	1.0
rs4970836	chr1	109279175	G	A	SORT1	-0.40372950455606244	1.0	-0.039815375737652856	1.0	0.1658	-0.03058196268235963	1.0	0.3591	-0.02693348367362412	1.0	0.3423	-0.014522615757701094	1.0	0.9491	-0.0007918187330505586	1.0	1.0
rs660240	chr1	109275216	T	C	SORT1	0.0799376528904747	1.0	0.06883394108712361	1.0	0.9514	0.02345897282398896	1.0	0.9543	0.013039295071157598	1.0	0.9268	0.03094605104007345	1.0	0.9997	0.0031747565058242704	1.0	1.0
rs1626484	chr1	109275684	G	T	SORT1	0.06421044632274481	1.0	0.0050541807432564765	1.0	0.8798	0.010647244199508372	1.0	0.8507	0.001404082875683005	0.21267679413305396	0.8373	0.0	0.43373493975903615	0.9991	0.002133912151122858	1.0	1.0
rs7528419	chr1	109274570	A	G	SORT1	0.02175131450040833	1.0	0.011418276666171857	1.0	0.9049	0.004508425671746669	1.0	0.9215	0.012980634210095852	1.0	0.9272	0.02175131450040833	1.0	0.9993	0.001924155234202334	1.0	1.0
