chrom	position	ref	alt	variant_id	gene_name	cell_type	max_effect	max_quantile	top_layer	top_track	layer_chromatin_accessibility	layer_tss_activity	layer_gene_expression	layer_histone_marks	layer_tf_binding	layer_splicing
chr1	109274968	G	T	rs12740374	SORT1	multi-tissue	1.9084787157480703		chromatin_accessibility	DNASE/EFO:0005726 DNase-seq/.	1.9084787157480703	1.2647798872106824	0.2850554874169975	1.0	1.0358242052222926	-0.010053787221623195
chr1	109279175	G	A	rs4970836	SORT1	multi-tissue	-0.5518435458632369		tss_activity	CAGE/hCAGE UBERON:0002038/-	-0.19758376943279002	-0.5518435458632369	0.012441581841404563	-0.027356455723938782	-0.08939147369411081	7.179717591409341e-05
chr1	109274570	A	G	rs7528419	SORT1	multi-tissue	0.2120966765734459		tss_activity	PROCAP/ENCSR860TYZ/+	0.17729269312822923	0.2120966765734459	0.056574661615827034	0.08037626719209925	0.07682935069174886	-0.07327051969288209
chr1	109275216	T	C	rs660240	SORT1	multi-tissue	0.20541199104663485		tss_activity	PROCAP/ENCSR182QNJ/-	0.11824803822477031	0.20541199104663485	0.04102320923959014	-0.09301894085760927	0.12029423371771175	-0.0017689404236232158
chr1	109275684	G	T	rs1626484	SORT1	multi-tissue	-0.19296680591313664		gene_expression	RNA_SEQ/UBERON:0000996 total RNA-seq/+	0.03453591854516564	0.127607467368042	-0.19296680591313664	-0.02446062799471222	0.02635132694695214	0.002371615253171025
