allele	layer	assay_id	assay_type	cell_type	description	ref_value	alt_value	raw_score	quantile_score	ref_signal_percentile	note
alt_1	tss_activity	PROCAP/ENCSR860TYZ/+	PRO_CAP	MCF 10A	PRO_CAP:MCF 10A	36.02406311035156	14.765026092529297	-1.2317356709316913	1.0	1.0	
alt_1	tss_activity	PROCAP/ENCSR797DEF/+	PRO_CAP	Calu3	PRO_CAP:Calu3	132.13809204101562	70.53024291992188	-0.89629815261659	1.0	1.0	
alt_1	tss_activity	PROCAP/ENCSR182QNJ/+	PRO_CAP	Caco-2	PRO_CAP:Caco-2	383.6898193359375	240.56349182128906	-0.6712932172594458	1.0	1.0	
alt_1	tf_binding	CHIP_TF/EFO:0002067 TF ChIP-seq EP400/.	CHIP	K562	CHIP:EP400:K562	734.5	478.0	-0.6186996855186497	1.0	0.9454	
alt_1	tf_binding	CHIP_TF/EFO:0002067 TF ChIP-seq MNT/.	CHIP	K562	CHIP:MNT:K562	1317.0	858.5	-0.6167808255299907	1.0	0.9797	
alt_1	tf_binding	CHIP_TF/EFO:0003042 TF ChIP-seq USF1/.	CHIP	H1	CHIP:USF1:H1	3634.0	2399.0	-0.598920958311076	1.0	0.9874	
alt_1	histone_marks	CHIP_HISTONE/EFO:0002791 Histone ChIP-seq H3K27ac/.	CHIP	HeLa-S3	CHIP:H3K27ac:HeLa-S3	1825.0	1402.375	-0.37978619802407737	1.0	0.8927	
alt_1	histone_marks	CHIP_HISTONE/EFO:0002067 Histone ChIP-seq H3K79me2/.	CHIP	K562	CHIP:H3K79me2:K562	3050.375	2357.125	-0.3718192963840056	1.0	0.9801	
alt_1	histone_marks	CHIP_HISTONE/EFO:0002791 Histone ChIP-seq H3K9ac/.	CHIP	HeLa-S3	CHIP:H3K9ac:HeLa-S3	4641.5	3630.0	-0.35453498002257605	1.0	0.9252	
alt_1	chromatin_accessibility	DNASE/EFO:0002791 DNase-seq/.	DNASE	HeLa-S3	DNASE:HeLa-S3	17.357643127441406	14.702831268310547	-0.22535614327107573	1.0	0.7373	
alt_1	chromatin_accessibility	DNASE/EFO:0003037 DNase-seq/.	DNASE	CMK	DNASE:CMK	206.83758544921875	178.99266052246094	-0.20751849585724264	1.0	0.8993	
alt_1	chromatin_accessibility	DNASE/EFO:0002067 DNase-seq/.	DNASE	K562	DNASE:K562	332.9339294433594	288.24188232421875	-0.20728621609752626	1.0	0.9138	
alt_1	splicing	SPLICE_SITES/donor/+	SPLICE_SITES	SPLICE_SITES	SPLICE_SITES	0.046671804040670395	0.04391270503401756	-0.0038080649196897635	1.0	0.82	
alt_1	splicing	SPLICE_SITE_USAGE/usage_EFO:0003042 polyA plus RNA-seq/+	SPLICE_SITES	H1	SPLICE_SITES:H1	0.01686558499932289	0.014823582023382187	-0.002900038654219071	1.0	0.8932	
alt_1	splicing	SPLICE_SITE_USAGE/usage_CL:0000100 total RNA-seq/+	SPLICE_SITES	motor neuron	SPLICE_SITES:motor neuron	0.016680140048265457	0.014657855033874512	-0.002872531831191434	1.0	0.885	
