allele	layer	assay_id	region_label	assay_type	cell_type	ref_value	alt_value	raw_score	quantile_score	ref_signal_percentile	note
alt_1	chromatin_accessibility	DNASE/EFO:0001187 DNase-seq/.		DNASE	HepG2	112.396728515625	109.72810363769531	-0.034357583665384474	1.0	0.9028	
alt_1	tf_binding	CHIP_TF/EFO:0001187 TF ChIP-seq CEBPA genetically modified (insertion) using CRISPR targeting H. sapiens CEBPA/.		CHIP	HepG2	1000.0	981.0	-0.027647044521300495	1.0	0.9265	
alt_1	tf_binding	CHIP_TF/EFO:0001187 TF ChIP-seq CEBPB/.		CHIP	HepG2	488.0	488.0	0.0	0.19486642221058145	0.8231	
alt_1	histone_marks	CHIP_HISTONE/EFO:0001187 Histone ChIP-seq H3K27ac/.		CHIP	HepG2	9199.0	8945.5	-0.04031047155474764	1.0	0.9932	
alt_1	tss_activity	CAGE/hCAGE EFO:0001187/+	variant site	CAGE	HepG2	3.998126983642578	3.8817195892333984	-0.03399812767573412	1.0	1.0	
alt_1	tss_activity	CAGE/hCAGE EFO:0001187/+	FTO TSS	CAGE	HepG2	4713.765625	4710.56201171875	-0.000980623069736644	1.0	1.0	
alt_1	tss_activity	CAGE/hCAGE EFO:0001187/+	RPGRIP1L TSS	CAGE	HepG2	4621.3427734375	4617.658203125	-0.0011504622957675163	1.0	1.0	
alt_1	tss_activity	CAGE/hCAGE EFO:0001187/+	AKTIP TSS	CAGE	HepG2	2.2170848846435547	2.21457576751709	-0.0011256473917930906	1.0	1.0	
alt_1	tss_activity	CAGE/hCAGE EFO:0001187/+	RBL2 TSS	CAGE	HepG2	2757.074951171875	2755.37646484375	-0.0008887186395277313	1.0	1.0	
alt_1	tss_activity	CAGE/hCAGE EFO:0001187/+	IRX3 TSS	CAGE	HepG2	78.56417846679688	78.76571655273438	0.003649762678468172	1.0	1.0	
alt_1	tss_activity	CAGE/hCAGE EFO:0001187/-	variant site	CAGE	HepG2	0.8466278314590454	0.8203742504119873	-0.020658051178595257	1.0	1.0	
alt_1	tss_activity	CAGE/hCAGE EFO:0001187/-	FTO TSS	CAGE	HepG2	1353.2984619140625	1358.7496337890625	0.005795320443107855	1.0	1.0	
alt_1	tss_activity	CAGE/hCAGE EFO:0001187/-	RPGRIP1L TSS	CAGE	HepG2	1355.491455078125	1360.9462890625	0.00578984934816577	1.0	1.0	
alt_1	tss_activity	CAGE/hCAGE EFO:0001187/-	AKTIP TSS	CAGE	HepG2	1210.0703125	1208.4906005859375	-0.0018830700402459606	1.0	1.0	
alt_1	tss_activity	CAGE/hCAGE EFO:0001187/-	RBL2 TSS	CAGE	HepG2	6.328956604003906	6.318630218505859	-0.0020341681939806348	1.0	1.0	
alt_1	tss_activity	CAGE/hCAGE EFO:0001187/-	IRX3 TSS	CAGE	HepG2	1270.84375	1266.423583984375	-0.005022675593307516	1.0	1.0	
